Version,Run,total_operations,insertions,insert_time,searches,search_time,deletions,delete_time,cache_misses,cycles,instructions,branch_misses,elapsed,user,sys,IPC
baseline,1,123229,42146,0.0255,40416,4.9086,40667,4.5782,71647,30632006917,7472362158,1047177,9.674979153,9.590683,0.084023,0.24393968629763613
optimised,1,134182,45556,0.0264,44602,4.8438,44024,4.9263,55907,31652058353,10304641531,812928,9.929322972,9.824956,0.10401,0.32555991828643016
verif,1,130854,44648,0.1695,43166,4.7008,43040,4.9623,56993,41254871759,12948445051,19346371,12.937439236,10.844993,2.092191,0.31386462977369983
