Version,Run,total_operations,insertions,insert_time,searches,search_time,deletions,delete_time,cache_misses,cycles,instructions,branch_misses,elapsed,user,sys,IPC
baseline,1,2087316,695772,0.0417,695772,21.8328,651912,36.7134,1078233169,199580040357,293535961398,37171817,60.626749904,60.001954,0.624021,1.470768123269921
optimised,1,2181618,727206,0.0264,727206,21.5819,683337,37.0897,553664447,199584215605,337382228886,38822453,60.624734676,60.000424,0.62325,1.6904254069556184
verif,1,2154201,718067,3.087,718067,21.4097,674178,39.3535,1131381257,217607078638,341534100235,359178272,66.081867742,60.000382,6.080512,1.5694990363946693
