Version,Run,total_operations,insertions,insert_time,searches,search_time,deletions,delete_time,cache_misses,cycles,instructions,branch_misses,elapsed,user,sys,IPC
baseline,1,8947494,2982498,0.113,2982498,24.4244,2973627,34.8587,569388478,204408106941,288681051247,151679902,62.167107597,60.001997,2.164042,1.412277896249606
optimised,1,9247695,3082565,0.0839,3082565,24.5617,3073701,34.6559,93201383,203914406330,325619801022,156765341,62.052511715,60.000344,2.051341,1.5968454945504977
verif,1,8859897,2953299,10.8532,2953299,23.5664,2944425,43.82,137055893,266781565234,345321145879,1462366835,81.043047534,60.000363,21.040571,1.2943965808736118
