Version,Run,total_operations,insertions,insert_time,searches,search_time,deletions,delete_time,cache_misses,cycles,instructions,branch_misses,elapsed,user,sys,IPC
baseline,1,2094378,698126,0.042,698126,21.8198,654263,36.8221,988164938,199098097919,294665785835,37609988,60.732975491,60.002813,0.728,1.4800030181849364
optimised,1,2179116,726372,0.0259,726372,21.5878,682483,37.0392,576296322,199542062336,337105825961,38781610,60.668471009,60.00306,0.664374,1.6893973231235953
verif,1,2140314,713438,3.1844,713438,21.3976,669553,40.5509,1167548015,221662793256,341780773612,445339582,67.35835884,60.000466,7.356428,1.5418950947589787
