Version,Run,total_operations,insertions,insert_time,searches,search_time,deletions,delete_time,cache_misses,cycles,instructions,branch_misses,elapsed,user,sys,IPC
baseline,1,2144688,714896,0.0429,714896,21.5918,671025,36.9458,771047039,199359363410,301678905336,38150588,60.619607059,60.002544,0.616012,1.5132417167463106
optimised,1,2178327,726109,0.0261,726109,21.5969,682228,37.0411,554462375,199260179506,336901958304,38777264,60.684687699,60.000373,0.683243,1.690764101182873
verif,1,2134335,711445,3.4924,711445,21.4056,667567,40.8672,1154587632,223619785933,342624860265,489059821,67.986277439,60.000008,7.984799,1.5321759603493037
