Version,Run,total_operations,insertions,insert_time,searches,search_time,deletions,delete_time,cache_misses,cycles,instructions,branch_misses,elapsed,user,sys,IPC
baseline,1,143490738,47830246,1.3701,47830246,32.205,47830002,16.5408,263837,291929897421,311775238564,2397991018,88.831538782,60.00174,28.828327,1.0679798174778259
optimised,1,145599201,48533067,1.3044,48533067,32.653,48532821,16.1102,275618,292157773711,322099067833,2433254353,88.821941566,60.000308,28.81941,1.1024833046257316
verif,1,75517011,25172337,108.626,25172337,17.6496,25172095,157.2844,1020396,1005232654717,590444089617,17385724756,305.726236602,60.000353,245.720643,0.5873705821695833
