Version,Run,total_operations,insertions,insert_time,searches,search_time,deletions,delete_time,cache_misses,cycles,instructions,branch_misses,elapsed,user,sys,IPC
baseline,1,60613682,60613682,2.9119,0,0.0,0,0.0,12068697,155743928776,112793575171,2973421048,47.361380252,10.46519,36.893877,0.7242245399705198
optimised,1,63285080,63285080,2.3868,0,0.0,0,0.0,10757411,157551944423,98275279220,3086507569,47.978267248,10.006206,37.969574,0.6237643056701839
verif,1,18025303,18025303,69.8836,0,0.0,0,0.0,4068949,276548863935,139838764309,5174429826,84.069309079,10.003814,74.063119,0.5056566218325441
