Version,Run,total_operations,insertions,insert_time,searches,search_time,deletions,delete_time,cache_misses,cycles,instructions,branch_misses,elapsed,user,sys,IPC
baseline,1,159558,54402,0.0348,52301,4.4484,52855,4.5131,523005154,30169647049,9948770897,16077063,9.16811975,8.979858,0.187997,0.32976093093968634
optimised,1,180769,61553,0.0387,59602,4.861,59614,4.8978,550617600,32779038634,14638287382,17776283,9.963037836,9.763007,0.200061,0.4465746401365311
verif,1,174354,59716,0.2798,57042,4.4855,57596,4.5164,512509974,42591879634,17665059418,252804233,12.959060011,9.482235,3.476819,0.4147518158343601
