Version,Run,total_operations,insertions,insert_time,searches,search_time,deletions,delete_time,cache_misses,cycles,instructions,branch_misses,elapsed,user,sys,IPC
baseline,1,141334821,47111607,1.35,47111607,31.9754,47111365,16.2545,223675,289564556072,306630034402,2361951647,87.955281123,60.001559,27.952481,1.0589349696713457
optimised,1,143091474,47697158,1.2908,47697158,32.7257,47696913,15.9919,219511,290391120494,316327156011,2391372743,88.236962241,60.000275,28.235556,1.089314148011409
verif,1,85257003,28419001,102.5498,28419001,19.5046,28418756,110.4438,802212,845119789428,509962522788,14037527907,257.475204048,60.000353,197.471175,0.6034204016606409
