Version,Run,total_operations,insertions,insert_time,searches,search_time,deletions,delete_time,cache_misses,cycles,instructions,branch_misses,elapsed,user,sys,IPC
baseline,1,11762376,3920792,0.1263,3920792,2.6743,3920545,1.3829,59622,24141443245,25614552706,196609884,7.342703975,5.001858,2.340828,1.0610199417677773
optimised,1,12111648,4037216,0.1095,4037216,2.6885,4036976,1.3408,76290,24242735089,26683846780,202518627,7.376392847,5.000289,2.376095,1.1006945661056058
verif,1,6450168,2150056,11.1824,2150056,1.4838,2149813,13.6229,6331680,92363632788,56386558496,1543244958,28.239559117,5.002565,23.233993,0.6104844167987924
