Version,Run,total_operations,insertions,insert_time,searches,search_time,deletions,delete_time,cache_misses,cycles,instructions,branch_misses,elapsed,user,sys,IPC
baseline,1,108849,36789,0.0289,36105,4.9609,35955,4.9105,670420370,25097867313,6597771818,724304,10.121380864,10.013196,0.108012,0.2628817714157942
optimised,1,109041,36958,0.028,35964,4.8217,36119,4.9319,1020878075,25415569121,9288571352,677701,9.933904485,9.869506,0.064009,0.3654677692944195
verif,1,110406,37412,0.0278,36430,4.8474,36564,4.9145,682321835,25559881014,5406554047,689567,9.938186451,9.833807,0.104019,0.2115250084317157
