Version,Run,total_operations,insertions,insert_time,searches,search_time,deletions,delete_time,cache_misses,cycles,instructions,branch_misses,elapsed,user,sys,IPC
baseline,1,123629,42019,0.0252,40825,4.7022,40785,4.5241,81005,29772554087,7540875184,801597,9.414615898,9.298286,0.116028,0.2532827772170435
optimised,1,131838,44805,0.027,43698,4.8295,43335,4.9283,56629,31411721266,10217508657,801594,9.921196712,9.860842,0.060005,0.32527694265705254
verif,1,126738,43538,0.1885,41679,4.4704,41521,4.6877,59539,40987364719,15183808352,24521719,12.925307781,10.400786,2.52419,0.370450953753595
