Version,Run,total_operations,insertions,insert_time,searches,search_time,deletions,delete_time,cache_misses,cycles,instructions,branch_misses,elapsed,user,sys,IPC
baseline,1,124068,42394,0.0248,40701,4.8802,40973,4.6005,71547,30625844781,7610463065,802870,9.666742479,9.582497,0.084021,0.24849806166723157
optimised,1,129516,44008,0.0263,42544,4.7349,42964,5.0262,60490,31412042766,10171026752,788928,9.921495157,9.837071,0.084009,0.3237938655492024
verif,1,125616,42688,0.1839,41506,4.5072,41422,4.7464,61809,41255397074,15189310551,24713017,12.937262118,10.448693,2.488165,0.36817753865645414
