Version,Run,total_operations,insertions,insert_time,searches,search_time,deletions,delete_time,cache_misses,cycles,instructions,branch_misses,elapsed,user,sys,IPC
baseline,1,2076903,692301,0.0432,692301,21.7618,648428,36.7951,1089916707,198987165027,291701434587,38246056,60.646092865,60.002269,0.639985,1.4659309033696715
optimised,1,2162514,720838,0.0262,720838,21.6668,676954,36.7185,572994703,199510472451,334535207824,38489595,60.604151808,60.000372,0.602997,1.6767801896021384
verif,1,2120757,706919,3.1751,706919,21.8575,663050,38.8664,1142392624,217682706041,337544692726,369764017,66.158007333,60.0004,6.156102,1.5506270519368879
