Version,Run,total_operations,insertions,insert_time,searches,search_time,deletions,delete_time,cache_misses,cycles,instructions,branch_misses,elapsed,user,sys,IPC
baseline,1,21477281,644799,0.019,7090688,9.0304,7086685,9.037,95810,65712668051,88966450692,32741423,20.001816381,20.001376,0.0,1.353870620851258
optimised,1,22960463,689403,0.0184,7576771,8.9955,7575769,8.9986,110869,65692470785,102193228233,35038791,20.003626894,20.00006,0.003292,1.5556307596872192
verif,1,9898506,297083,1.0635,3268787,4.0131,3263675,14.0565,164136,65873149869,61283397613,699465925,20.004814683,10.360017,9.644534,0.9303243845917873
