Version,Run,total_operations,insertions,insert_time,searches,search_time,deletions,delete_time,cache_misses,cycles,instructions,branch_misses,elapsed,user,sys,IPC
baseline,1,164058,56061,0.036,53726,4.6177,54271,4.6606,621971416,31197096073,10237348283,16491303,9.491747004,9.231687,0.259991,0.32815067976343054
baseline,2,170149,57877,0.0371,56120,4.8855,56152,4.8674,628948756,32785845689,10689865559,17065808,9.972715075,9.716612,0.25591,0.3260512374883337
optimised,1,169495,57615,0.0372,56108,4.8879,55772,4.8626,584359534,32671851061,15096828602,17023979,9.951952768,9.687836,0.263995,0.4620744803780311
optimised,2,169541,57724,0.0373,56031,4.8475,55786,4.8958,533531524,32665323223,15238916342,17023209,9.943926257,9.795914,0.147998,0.46651662492260654
verif,1,171448,58009,0.0371,56867,4.9076,56572,4.8653,558826854,32772033148,15321856508,17195665,9.973486128,9.761504,0.211945,0.4675284087137895
verif,2,168944,57580,0.0365,55295,4.8026,56069,4.9454,540645934,32727559400,15119537265,16973741,9.947797793,9.727713,0.219993,0.4619818141709644
