Version,Run,total_operations,insertions,insert_time,searches,search_time,deletions,delete_time,cache_misses,cycles,instructions,branch_misses,elapsed,user,sys,IPC
baseline,1,163582,55451,0.0353,53994,4.5654,54137,4.6158,504022227,30863536604,10210482731,16439771,9.391479205,9.211268,0.180063,0.3308267248179424
baseline,2,180047,61108,0.039,59462,4.8808,59477,4.8313,651058894,32682597960,11359281809,17974461,9.939377114,9.723029,0.216067,0.34756361238181077
optimised,1,195368,66492,0.0415,64424,4.8826,64452,4.8525,608335354,32683942784,13049186719,19114246,9.950846361,9.750728,0.200055,0.39925374992970736
optimised,2,196294,66769,0.0422,64381,4.8299,65144,4.8976,599663867,32737083011,13102390508,19198265,9.946875143,9.678664,0.268073,0.40023084841118745
verif,1,194731,66208,0.0412,64210,4.8818,64313,4.8522,668530235,32735085545,12860912717,19057978,9.951040784,9.726984,0.224068,0.3928785430947008
verif,2,198805,67766,0.0427,65724,4.9167,65315,4.8229,604987641,32742114037,13298526618,19425453,9.958647078,9.698491,0.260066,0.40615968177778905
