Version,Run,total_operations,insertions,insert_time,searches,search_time,deletions,delete_time,cache_misses,cycles,instructions,branch_misses,elapsed,user,sys,IPC
baseline,1,142317636,47439212,1.3596,47439212,31.8278,47438970,16.4265,233626,288064155386,308766211337,2378327928,87.703382705,60.001718,27.700443,1.0718661296934346
optimised,1,145140378,48380126,1.3107,48380126,32.3004,48379887,16.0609,309118,286498878374,319491160680,2425528558,87.113122112,60.001941,27.110043,1.1151567590534557
verif,1,85539516,28513172,102.8731,28513172,19.5048,28512933,111.0491,730325,846972453980,510856227350,14086836639,258.275398901,60.000338,198.270653,0.6031556574826495
