Version,Run,total_operations,insertions,insert_time,searches,search_time,deletions,delete_time,cache_misses,cycles,instructions,branch_misses,elapsed,user,sys,IPC
baseline,1,159806,54027,0.0346,53046,4.4641,52733,4.4214,518997075,29924873448,9946485362,16083155,9.091860397,8.875588,0.216087,0.33238186885848847
optimised,1,180382,61514,0.0389,59598,4.903,59270,4.8231,600702465,32656494009,14400395195,17748230,9.931279906,9.687161,0.244079,0.4409657445478167
verif,1,182449,62358,0.0392,59817,4.8466,60274,4.894,566210542,32707980167,11999634945,17946526,9.94731231,9.775119,0.172054,0.3668717812513158
