Version,Run,total_operations,insertions,insert_time,searches,search_time,deletions,delete_time,cache_misses,cycles,instructions,branch_misses,elapsed,user,sys,IPC
baseline,1,142952670,47650890,1.3637,47650890,31.9419,47650648,16.5708,221498,290575328464,310147340439,2388972797,88.499399861,60.00152,28.496428,1.0673560693485538
optimised,1,145637925,48545975,1.3119,48545975,32.5931,48545732,16.2114,241144,294186994900,321489232330,2433914244,89.437871427,60.000001,29.435795,1.09280572528123
verif,1,77049210,25683070,110.5463,25683070,17.5354,25682828,160.4018,969631,1023070636889,602497407097,17737526282,310.991167144,60.00034,250.984036,0.5889108585200936
