Version,Run,total_operations,insertions,insert_time,searches,search_time,deletions,delete_time,cache_misses,cycles,instructions,branch_misses,elapsed,user,sys,IPC
baseline,1,123533,42026,0.0243,40967,4.6929,40540,4.4123,73849,29579314694,7573299161,797884,9.282561882,9.202268,0.079984,0.25603362482688624
optimised,1,133018,45114,0.0274,43893,4.8152,44011,4.9292,53524,31354035201,10290032616,807385,9.909212929,9.840879,0.068006,0.3281884628257294
verif,1,130134,44331,0.1685,42634,4.6969,43169,4.9752,60436,41265526430,12961592912,19334209,12.941034903,10.864476,2.076091,0.3141022066927258
