Version,Run,total_operations,insertions,insert_time,searches,search_time,deletions,delete_time,cache_misses,cycles,instructions,branch_misses,elapsed,user,sys,IPC
baseline,1,143867643,47955881,1.3742,47955881,32.0413,47955640,16.6113,239034,292379862239,311907238301,2404256142,89.004464279,60.001888,29.000231,1.066787691575139
optimised,1,145588101,48529367,1.3156,48529367,32.5263,48529128,16.1149,254126,287806574934,320461409695,2432984412,87.529521623,60.003806,27.523813,1.1134610450386286
verif,1,75502281,25167427,97.9543,25167427,17.8522,25167185,146.4201,912142,932535478865,534873663055,15821122869,284.298596733,60.000302,224.292047,0.573569236964583
