Version,Run,total_operations,insertions,insert_time,searches,search_time,deletions,delete_time,cache_misses,cycles,instructions,branch_misses,elapsed,user,sys,IPC
baseline,1,2085399,695133,0.0441,695133,21.7712,651267,36.7953,1071024710,199285867531,293187208245,37176790,60.672052834,60.00194,0.668711,1.4711891609644279
optimised,1,2170833,723611,0.026,723611,21.5726,679734,36.9743,567168920,198989806788,335786976318,38649473,60.596260414,60.00298,0.592374,1.6874581755624354
verif,1,2138247,712749,3.6062,712749,21.3524,668855,41.1552,1238902939,224748162371,343652433140,506819228,68.354649022,60.000397,8.352436,1.5290555861040607
